,ref,year,var,question
0,R0000100,1979,IDENTIFICATION CODE,CASEID
1,R0000300,1979,DATE OF BIRTH - MONTH,Q1-3_A~M
2,R0000500,1979,DATE OF BIRTH - YEAR,Q1-3_A~Y
3,R0000700,1979,COUNTRY OF BIRTH,FAM-2A
4,R0017300,1979,HIGHEST GRADE COMPLETED,Q3-4
5,R0046400,1979,OCCUPATION AT CURRENT JOB/MOST RECENT JOB (70 CENSUS 3 DIGIT) CPS ITEM,CPSOCC70
6,R0155400,1979,TOTAL INCOME FROM WAGES AND SALARY IN PAST CALENDAR YEAR,Q13-5
7,R0155500,1979,TOTAL INCOME OF SPOUSE FROM WAGES AND SALARY IN PAST CALENDAR YEAR,Q13-18
8,R0156000,1979,TOTAL INCOME FROM FARM OR BUSINESS IN PAST CALENDAR YEAR,Q13-8
9,R0156100,1979,TOTAL INCOME OF SPOUSE FROM FARM OR BUSINESS IN PAST CALENDAR YEAR,Q13-24
10,R0169100,1979,"TOTAL INCOME FROM WAGES AND SALARY IN 1978, (ALL ITEMS IN 1C SECTION 21 ""NO"")",INCOME-24
11,R0173600,1979,SAMPLE IDENTIFICATION CODE,SAMPLE_ID
12,R0214700,78SCRN,R'S RACIAL/ETHNIC COHORT FROM SCREENER,SAMPLE_RACE
13,R0214800,1979,SEX OF R,SAMPLE_SEX
14,R0214900,1979,EMPLOYMENT STATUS RECODE,ESR_KEY
15,R0214901,1979,EMPLOYMENT STATUS RECODE (COLLAPSED),ESR_COL
16,R0216101,1979,CROSS SECTIONAL SAMPLING WEIGHT,C_SAMPWEIGHT
17,R0217900,1979,TOTAL NET FAMILY INCOME IN PAST CALENDAR YEAR *KEY* (TRUNCATED),TNFI_TRUNC
18,R0218001,1979,NUMBER OF BIO/STEP/ADPT CHILDREN IN HOUSEHOLD,NUMCH79
19,R0229200,1980,HIGHEST GRADE COMPLETED,Q3-4
20,R0263400,1980,OCCUPATION AT CURRENT JOB/MOST RECENT JOB (70 CENSUS 3 DIGIT) CPS ITEM,CPSOCC70
21,R0312300,1980,TOTAL INCOME FROM WAGES AND SALARY IN PAST CALENDAR YEAR,Q13-5
22,R0312600,1980,TOTAL INCOME FROM FARM OR BUSINESS IN PAST CALENDAR YEAR,Q13-9
23,R0312710,1980,TOTAL INCOME OF SPOUSE FROM WAGES AND SALARY IN PAST CALENDAR YEAR (TRUNC),Q13-18
24,R0313000,1980,TOTAL INCOME OF SPOUSE FROM FARM OR BUSINESS IN PAST CALENDAR YEAR,Q13-24
25,R0328000,1980,"TOTAL INCOME FROM WAGES AND SALARY IN 1979, (ALL ITEMS IN 1A-E ""NO"")",INCOME-24
26,R0405201,1980,CROSS SECTIONAL SAMPLING WEIGHT,C_SAMPWEIGHT
27,R0406010,1980,TOTAL NET FAMILY INCOME IN PAST CALENDAR YEAR *KEY* (TRUNCATED),TNFI_TRUNC
28,R0406300,1980,EMPLOYMENT STATUS RECODE,ESR_KEY
29,R0406301,1980,EMPLOYMENT STATUS RECODE (COLLAPSED),ESR_COL
30,R0407601,1980,NUMBER OF BIO/STEP/ADPT CHILDREN IN HOUSEHOLD,NUMCH80
31,R0417400,1981,HIGHEST GRADE COMPLETED,Q3-4
32,R0446400,1981,OCCUPATION AT CURRENT JOB/MOST RECENT JOB (70 CENSUS 3 DIGIT) CPS ITEM,CPSOCC70
33,R0482600,1981,TOTAL INCOME FROM WAGES AND SALARY IN PAST CALENDAR YEAR,Q13-5
34,R0482910,1981,TOTAL INCOME OF SPOUSE FROM WAGES AND SALARY IN PAST CALENDAR YEAR (TRUNC),Q13-18
35,R0483200,1981,TOTAL INCOME FROM FARM OR BUSINESS IN PAST CALENDAR YEAR,Q13-8
36,R0483500,1981,TOTAL INCOME OF SPOUSE FROM FARM OR BUSINESS IN PAST CALENDAR YEAR,Q13-24
37,R0498500,1981,"TOTAL INCOME FROM WAGES AND SALARY IN 1980, (ALL ITEMS IN 1-5 ""NO"")",INCOME-24
38,R0614601,1981,CROSS SECTIONAL SAMPLING WEIGHT,C_SAMPWEIGHT
39,R0618410,1981,TOTAL NET FAMILY INCOME IN PAST CALENDAR YEAR *KEY* (TRUNCATED),TNFI_TRUNC
40,R0618800,1981,EMPLOYMENT STATUS RECODE,ESR_KEY
41,R0618801,1981,EMPLOYMENT STATUS RECODE (COLLAPSED),ESR_COL
42,R0647101,1981,NUMBER OF BIO/STEP/ADPT CHILDREN IN HOUSEHOLD,NUMCH81
43,R0664500,1982,HIGHEST GRADE COMPLETED,Q3-4
44,R0702100,1982,OCCUPATION AT CURRENT JOB/MOST RECENT JOB (70 CENSUS 3 DIGIT) CPS ITEM,CPSOCC70
45,R0782100,1982,TOTAL INCOME FROM WAGES AND SALARY IN PAST CALENDAR YEAR (TRUNC),Q13-5
46,R0782101,1982,TOTAL INCOME FROM WAGES AND SALARY IN PAST CALENDAR YEAR (TRUNC) (REVISED),Q13-5_TRUNC_REVISED
47,R0782400,1982,TOTAL INCOME FROM FARM OR BUSINESS IN PAST CALENDAR YEAR (TRUNC),Q13-8
48,R0782401,1982,TOTAL INCOME FROM FARM OR BUSINESS IN PAST CALENDAR YEAR (TRUNC) (REVISED),Q13-8_TRUNC_REVISED
49,R0784300,1982,TOTAL INCOME OF SPOUSE FROM WAGES AND SALARY IN PAST CALENDAR YEAR (TRUNC),Q13-18
50,R0784301,1982,TOTAL INCOME OF SPOUSE FROM WAGES AND SALARY IN PAST CALENDAR YEAR (TRUNC) (REVISED),Q13-18_TRUNC_REVISED
51,R0784600,1982,TOTAL INCOME OF SPOUSE FROM FARM OR BUSINESS IN PAST CALENDAR YEAR (TRUNC),Q13-24
52,R0784601,1982,TOTAL INCOME OF SPOUSE FROM FARM OR BUSINESS IN PAST CALENDAR YEAR (TRUNC) (REVISED),Q13-24_TRUNC_REVISED
53,R0798600,1982,"TOTAL INCOME FROM WAGES AND SALARY IN 1981, (Q1E = YES)",INCOME-24
54,R0828000,1982,OCCUPATION AT CURRENT JOB/MOST RECENT JOB (80 CENSUS 3 DIGIT) CPS ITEM,CPSOCC80
55,R0896701,1982,CROSS SECTIONAL SAMPLING WEIGHT,C_SAMPWEIGHT
56,R0898500,1982,EMPLOYMENT STATUS RECODE,ESR_KEY
57,R0898501,1982,EMPLOYMENT STATUS RECODE (COLLAPSED),ESR_COL
58,R0898600,1982,TOTAL NET FAMILY INCOME IN PAST CALENDAR YEAR *KEY* (TRUNCATED),TNFI_TRUNC
59,R0898838,1982,NUMBER OF BIO/STEP/ADPT CHILDREN IN HOUSEHOLD,NUMCH82
60,R0905900,1983,HIGHEST GRADE COMPLETED,Q3-4
61,R0945000,1983,OCCUPATION AT CURRENT JOB/MOST RECENT JOB (70 CENSUS 3 DIGIT) CPS ITEM,CPSOCC70
62,R0945300,1983,OCCUPATION AT CURRENT JOB/MOST RECENT JOB (80 CENSUS 3 DIGIT) CPS ITEM,CPSOCC80
63,R1024000,1983,TOTAL INCOME FROM WAGES AND SALARY IN PAST CALENDAR YEAR (TRUNC),Q13-5
64,R1024001,1983,TOTAL INCOME FROM WAGES AND SALARY IN PAST CALENDAR YEAR (TRUNC) (REVISED),Q13-5_TRUNC_REVISED
65,R1024300,1983,TOTAL INCOME FROM FARM OR BUSINESS IN PAST CALENDAR YEAR (TRUNC),Q13-9
66,R1024301,1983,TOTAL INCOME FROM FARM OR BUSINESS IN PAST CALENDAR YEAR (TRUNC) (REVISED),Q13-9_TRUNC_REVISED
67,R1026200,1983,TOTAL INCOME OF SPOUSE FROM WAGES AND SALARY IN PAST CALENDAR YEAR (TRUNC),Q13-18
68,R1026201,1983,TOTAL INCOME OF SPOUSE FROM WAGES AND SALARY IN PAST CALENDAR YEAR (TRUNC) (REVISED),Q13-18_TRUNC_REVISED
69,R1026500,1983,TOTAL INCOME OF SPOUSE FROM FARM OR BUSINESS IN PAST CALENDAR YEAR (TRUNC),Q13-24
70,R1026501,1983,TOTAL INCOME OF SPOUSE FROM FARM OR BUSINESS IN PAST CALENDAR YEAR (TRUNC) (REVISED),Q13-24_TRUNC_REVISED
71,R1144401,1983,CROSS SECTIONAL SAMPLING WEIGHT,C_SAMPWEIGHT
72,R1144500,1983,TOTAL NET FAMILY INCOME IN PAST CALENDAR YEAR *KEY* (TRUNCATED),TNFI_TRUNC
73,R1144700,1983,EMPLOYMENT STATUS RECODE,ESR_KEY
74,R1144701,1983,EMPLOYMENT STATUS RECODE (COLLAPSED),ESR_COL
75,R1146830,1983,NUMBER OF BIO/STEP/ADPT CHILDREN IN HOUSEHOLD,NUMCH83
76,R1205800,1984,HIGHEST GRADE COMPLETED,Q3-4
77,R1255400,1984,OCCUPATION AT CURRENT JOB/MOST RECENT JOB (70 CENSUS 3 DIGIT) CPS ITEM,CPSOCC70
78,R1255700,1984,OCCUPATION AT CURRENT JOB/MOST RECENT JOB (80 CENSUS 3 DIGIT) CPS ITEM,CPSOCC80
79,R1410700,1984,TOTAL INCOME FROM WAGES AND SALARY IN PAST CALENDAR YEAR (TRUNC),Q13-5
80,R1410701,1984,TOTAL INCOME FROM WAGES AND SALARY IN PAST CALENDAR YEAR (TRUNC) (REVISED),Q13-5_TRUNC_REVISED
81,R1411000,1984,TOTAL INCOME FROM FARM OR BUSINESS IN PAST CALENDAR YEAR (TRUNC),Q13-8
82,R1411001,1984,TOTAL INCOME FROM FARM OR BUSINESS IN PAST CALENDAR YEAR (TRUNC) (REVISED),Q13-8_TRUNC_REVISED
83,R1412900,1984,TOTAL INCOME OF SPOUSE FROM WAGES AND SALARY IN PAST CALENDAR YEAR (TRUNC),Q13-18
84,R1412901,1984,TOTAL INCOME OF SPOUSE FROM WAGES AND SALARY IN PAST CALENDAR YEAR (TRUNC) (REVISED),Q13-18_TRUNC_REVISED
85,R1413200,1984,TOTAL INCOME OF SPOUSE FROM FARM OR BUSINESS IN PAST CALENDAR YEAR (TRUNC),Q13-24
86,R1413201,1984,TOTAL INCOME OF SPOUSE FROM FARM OR BUSINESS IN PAST CALENDAR YEAR (TRUNC) (REVISED),Q13-24_TRUNC_REVISED
87,R1519601,1984,CROSS SECTIONAL SAMPLING WEIGHT,C_SAMPWEIGHT
88,R1519700,1984,TOTAL NET FAMILY INCOME IN PAST CALENDAR YEAR *KEY* (TRUNCATED),TNFI_TRUNC
89,R1519900,1984,EMPLOYMENT STATUS RECODE,ESR_KEY
90,R1519901,1984,EMPLOYMENT STATUS RECODE (COLLAPSED),ESR_COL
91,R1522037,1984,NUMBER OF BIO/STEP/ADPT CHILDREN IN HOUSEHOLD,NUMCH84
92,R1605100,1985,HIGHEST GRADE COMPLETED,Q3-4
93,R1650200,1985,OCCUPATION AT CURRENT JOB/MOST RECENT JOB (70 CENSUS 3 DIGIT) CPS ITEM,CPSOCC70
94,R1650500,1985,OCCUPATION AT CURRENT JOB/MOST RECENT JOB (80 CENSUS 3 DIGIT) CPS ITEM,CPSOCC80
95,R1778500,1985,TOTAL INCOME FROM WAGES AND SALARY IN PAST CALENDAR YEAR (TRUNC),Q13-5
96,R1778501,1985,TOTAL INCOME FROM WAGES AND SALARY IN PAST CALENDAR YEAR (TRUNC) (REVISED),Q13-5_TRUNC_REVISED
97,R1778800,1985,TOTAL INCOME FROM FARM OR BUSINESS IN PAST CALENDAR YEAR (TRUNC),Q13-9
98,R1778801,1985,TOTAL INCOME FROM FARM OR BUSINESS IN PAST CALENDAR YEAR (TRUNC) (REVISED),Q13-9_TRUNC_REVISED
99,R1780700,1985,TOTAL INCOME OF SPOUSE FROM WAGES AND SALARY IN PAST CALENDAR YEAR (TRUNC),Q13-18
100,R1780701,1985,TOTAL INCOME OF SPOUSE FROM WAGES AND SALARY IN PAST CALENDAR YEAR (TRUNC) (REVISED),Q13-18_TRUNC_REVISED
101,R1781000,1985,TOTAL INCOME OF SPOUSE FROM FARM OR BUSINESS IN PAST CALENDAR YEAR (TRUNC),Q13-24
102,R1781001,1985,TOTAL INCOME OF SPOUSE FROM FARM OR BUSINESS IN PAST CALENDAR YEAR (TRUNC) (REVISED),Q13-24_TRUNC_REVISED
103,R1890201,1985,CROSS SECTIONAL SAMPLING WEIGHT,C_SAMPWEIGHT
104,R1890400,1985,TOTAL NET FAMILY INCOME IN PAST CALENDAR YEAR *KEY* (TRUNCATED),TNFI_TRUNC
105,R1890600,1985,EMPLOYMENT STATUS RECODE,ESR_KEY
106,R1890601,1985,EMPLOYMENT STATUS RECODE (COLLAPSED),ESR_COL
107,R1892737,1985,NUMBER OF BIO/STEP/ADPT CHILDREN IN HOUSEHOLD,NUMCH85
108,R1905600,1986,HIGHEST GRADE COMPLETED,Q3-4
109,R1922800,1986,OCCUPATION AT CURRENT JOB/MOST RECENT JOB (70 CENSUS 3 DIGIT) CPS ITEM,CPSOCC70
110,R1923100,1986,OCCUPATION AT CURRENT JOB/MOST RECENT JOB (80 CENSUS 3 DIGIT) CPS ITEM,CPSOCC80
111,R2141600,1986,TOTAL INCOME FROM WAGES AND SALARY IN PAST CALENDAR YEAR (TRUNC),Q13-5
112,R2141601,1986,TOTAL INCOME FROM WAGES AND SALARY IN PAST CALENDAR YEAR (TRUNC) (REVISED),Q13-5_TRUNC_REVISED
113,R2141900,1986,TOTAL INCOME FROM FARM OR BUSINESS IN PAST CALENDAR YEAR,Q13-9
114,R2141901,1986,TOTAL INCOME FROM FARM OR BUSINESS IN PAST CALENDAR YEAR (TRUNC) (REVISED),Q13-9_TRUNC_REVISED
115,R2143800,1986,TOTAL INCOME OF SPOUSE FROM WAGES AND SALARY IN PAST CALENDAR YEAR (TRUNC),Q13-18
116,R2143801,1986,TOTAL INCOME OF SPOUSE FROM WAGES AND SALARY IN PAST CALENDAR YEAR (TRUNC) (REVISED),Q13-18_TRUNC_REVISED
117,R2144100,1986,TOTAL INCOME OF SPOUSE FROM FARM OR BUSINESS IN PAST CALENDAR YEAR (TRUNC),Q13-24
118,R2144101,1986,TOTAL INCOME OF SPOUSE FROM FARM OR BUSINESS IN PAST CALENDAR YEAR (TRUNC) (REVISED),Q13-24_TRUNC_REVISED
119,R2257301,1986,CROSS SECTIONAL SAMPLING WEIGHT,C_SAMPWEIGHT
120,R2257500,1986,TOTAL NET FAMILY INCOME IN PAST CALENDAR YEAR *KEY* (TRUNCATED),TNFI_TRUNC
121,R2257700,1986,EMPLOYMENT STATUS RECODE,ESR_KEY
122,R2257701,1986,EMPLOYMENT STATUS RECODE (COLLAPSED),ESR_COL
123,R2259837,1986,NUMBER OF BIO/STEP/ADPT CHILDREN IN HOUSEHOLD,NUMCH86
124,R2306500,1987,HIGHEST GRADE COMPLETED,Q3-4
125,R2317600,1987,OCCUPATION AT CURRENT JOB/MOST RECENT JOB (70 CENSUS 3 DIGIT) CPS ITEM,CPSOCC70
126,R2317900,1987,OCCUPATION AT CURRENT JOB/MOST RECENT JOB (80 CENSUS 3 DIGIT) CPS ITEM,CPSOCC80
127,R2350300,1987,TOTAL INCOME FROM WAGES AND SALARY IN PAST CALENDAR YEAR (TRUNC),Q13-5
128,R2350301,1987,TOTAL INCOME FROM WAGES AND SALARY IN PAST CALENDAR YEAR (TRUNC) (REVISED),Q13-5_TRUNC_REVISED
129,R2350600,1987,TOTAL INCOME FROM FARM OR BUSINESS IN PAST CALENDAR YEAR (TRUNC),Q13-9
130,R2350601,1987,TOTAL INCOME FROM FARM OR BUSINESS IN PAST CALENDAR YEAR (TRUNC) (REVISED),Q13-9_TRUNC_REVISED
131,R2352500,1987,TOTAL INCOME OF SPOUSE FROM WAGES AND SALARY IN PAST CALENDAR YEAR (TRUNC),Q13-18
132,R2352501,1987,TOTAL INCOME OF SPOUSE FROM WAGES AND SALARY IN PAST CALENDAR YEAR (TRUNC) (REVISED),Q13-18_TRUNC_REVISED
133,R2352800,1987,TOTAL INCOME OF SPOUSE FROM FARM OR BUSINESS IN PAST CALENDAR YEAR (TRUNC),Q13-24
134,R2352801,1987,TOTAL INCOME OF SPOUSE FROM FARM OR BUSINESS IN PAST CALENDAR YEAR (TRUNC) (REVISED),Q13-24_TRUNC_REVISED
135,R2444501,1987,CROSS SECTIONAL SAMPLING WEIGHT,C_SAMPWEIGHT
136,R2444700,1987,TOTAL NET FAMILY INCOME IN PAST CALENDAR YEAR *KEY* (TRUNCATED),TNFI_TRUNC
137,R2445100,1987,EMPLOYMENT STATUS RECODE,ESR_KEY
138,R2445101,1987,EMPLOYMENT STATUS RECODE (COLLAPSED),ESR_COL
139,R2448037,1987,NUMBER OF BIO/STEP/ADPT CHILDREN IN HOUSEHOLD,NUMCH87
140,R2509000,1988,HIGHEST GRADE COMPLETED,Q3-4
141,R2525400,1988,OCCUPATION AT CURRENT JOB/MOST RECENT JOB (70 CENSUS 3 DIGIT) CPS ITEM,CPSOCC70
142,R2525700,1988,OCCUPATION AT CURRENT JOB/MOST RECENT JOB (80 CENSUS 3 DIGIT) CPS ITEM,CPSOCC80
143,R2722500,1988,TOTAL INCOME FROM WAGES AND SALARY IN PAST CALENDAR YEAR (TRUNC),Q13-5
144,R2722501,1988,TOTAL INCOME FROM WAGES AND SALARY IN PAST CALENDAR YEAR (TRUNC) (REVISED),Q13-5_TRUNC_REVISED
145,R2722800,1988,TOTAL INCOME FROM FARM OR BUSINESS IN PAST CALENDAR YEAR,Q13-9
146,R2722801,1988,TOTAL INCOME FROM FARM OR BUSINESS IN PAST CALENDAR YEAR (REVISED) (TRUNC),Q13-9_TRUNC_REVISED
147,R2724700,1988,TOTAL INCOME OF SPOUSE FROM WAGES AND SALARY IN PAST CALENDAR YEAR (TRUNC),Q13-18
148,R2724701,1988,TOTAL INCOME OF SPOUSE FROM WAGES AND SALARY IN PAST CALENDAR YEAR (TRUNC) (REVISED),Q13-18_TRUNC_REVISED
149,R2725000,1988,TOTAL INCOME OF SPOUSE FROM FARM OR BUSINESS IN PAST CALENDAR YEAR (TRUNC),Q13-24
150,R2725001,1988,TOTAL INCOME OF SPOUSE FROM FARM OR BUSINESS IN PAST CALENDAR YEAR (TRUNC) (REVISED),Q13-24_TRUNC_REVISED
151,R2870001,1988,CROSS SECTIONAL SAMPLING WEIGHT,C_SAMPWEIGHT
152,R2870200,1988,TOTAL NET FAMILY INCOME IN PAST CALENDAR YEAR *KEY* (TRUNCATED),TNFI_TRUNC
153,R2870600,1988,EMPLOYMENT STATUS RECODE,ESR_KEY
154,R2870700,1988,EMPLOYMENT STATUS RECODE (COLLAPSED),ESR_COL
155,R2877600,1988,NUMBER OF BIO/STEP/ADPT CHILDREN IN HOUSEHOLD,NUMCH88
156,R2908100,1989,HIGHEST GRADE COMPLETED,Q3-4
157,R2924400,1989,OCCUPATION AT CURRENT JOB/MOST RECENT JOB (70 CENSUS 3 DIGIT) CPS ITEM,CPSOCC70
158,R2924700,1989,OCCUPATION AT CURRENT JOB/MOST RECENT JOB (80 CENSUS 3 DIGIT) CPS ITEM,CPSOCC80
159,R2971400,1989,TOTAL INCOME FROM WAGES AND SALARY IN PAST CALENDAR YEAR (TRUNC),Q13-5
160,R2971401,1989,TOTAL INCOME FROM WAGES AND SALARY IN PAST CALENDAR YEAR (TRUNC) (REVISED),Q13-5_TRUNC_REVISED
161,R2971700,1989,TOTAL INCOME FROM FARM OR BUSINESS IN PAST CALENDAR YEAR (TRUNC),Q13-9
162,R2971701,1989,TOTAL INCOME FROM FARM OR BUSINESS IN PAST CALENDAR YEAR (TRUNC) (REVISED),Q13-9_TRUNC_REVISED
163,R2973600,1989,TOTAL INCOME OF SPOUSE FROM WAGES AND SALARY IN PAST CALENDAR YEAR (TRUNC),Q13-18
164,R2973601,1989,TOTAL INCOME OF SPOUSE FROM WAGES AND SALARY IN PAST CALENDAR YEAR (TRUNC) (REVISED),Q13-18_TRUNC_REVISED
165,R2973900,1989,TOTAL INCOME OF SPOUSE FROM FARM OR BUSINESS IN PAST CALENDAR YEAR (TRUNC),Q13-24
166,R2973901,1989,TOTAL INCOME OF SPOUSE FROM FARM OR BUSINESS IN PAST CALENDAR YEAR (TRUNC) (REVISED),Q13-24_TRUNC_REVISED
167,R3073801,1989,CROSS SECTIONAL SAMPLING WEIGHT,C_SAMPWEIGHT
168,R3074000,1989,TOTAL NET FAMILY INCOME IN PAST CALENDAR YEAR *KEY* (TRUNCATED),TNFI_TRUNC
169,R3074300,1989,EMPLOYMENT STATUS RECODE,ESR_KEY
170,R3074400,1989,EMPLOYMENT STATUS RECODE (COLLAPSED),ESR_COL
171,R3076842,1989,NUMBER OF BIO/STEP/ADPT CHILDREN IN HOUSEHOLD,NUMCH90
172,R3110200,1990,HIGHEST GRADE COMPLETED,Q3-4
173,R3127100,1990,OCCUPATION AT CURRENT JOB/MOST RECENT JOB (70 CENSUS 3 DIGIT) CPS ITEM,CPSOCC70
174,R3127400,1990,OCCUPATION AT CURRENT JOB/MOST RECENT JOB (80 CENSUS 3 DIGIT) CPS ITEM,CPSOCC80
175,R3279400,1990,TOTAL INCOME FROM WAGES AND SALARY IN PAST CALENDAR YEAR (TRUNC),Q13-5
176,R3279401,1990,TOTAL INCOME FROM WAGES AND SALARY IN PAST CALENDAR YEAR (TRUNC) (REVISED),Q13-5_TRUNC_REVISED
177,R3279700,1990,TOTAL INCOME FROM FARM OR BUSINESS IN PAST CALENDAR YEAR (TRUNC),Q13-9
178,R3279701,1990,TOTAL INCOME FROM FARM OR BUSINESS IN PAST CALENDAR YEAR (TRUNC) (REVISED),Q13-9_TRUNC_REVISED
179,R3281600,1990,TOTAL INCOME OF SPOUSE FROM WAGES AND SALARY IN PAST CALENDAR YEAR (TRUNC),Q13-18
180,R3281601,1990,TOTAL INCOME OF SPOUSE FROM WAGES AND SALARY IN PAST CALENDAR YEAR (TRUNC) (REVISED),Q13-18_TRUNC_REVISED
181,R3281900,1990,TOTAL INCOME OF SPOUSE FROM FARM OR BUSINESS IN PAST CALENDAR YEAR (TRUNC),Q13-24
182,R3281901,1990,TOTAL INCOME OF SPOUSE FROM FARM OR BUSINESS IN PAST CALENDAR YEAR (TRUNC) (REVISED),Q13-24_TRUNC_REVISED
183,R3292201,1990,TOTAL INCOME OF PARTNER FROM WAGES AND SALARY IN PAST CALENDAR YEAR (TRUNC) (REVISED),Q11-97_REVISED
184,R3292501,1990,TOTAL INCOME OF PARTNER FROM FARM OR BUSINESS IN PAST CALENDAR YEAR (TRUNC) (REVISED),Q13-101_REVISED
185,R3400201,1990,CROSS SECTIONAL SAMPLING WEIGHT,C_SAMPWEIGHT
186,R3400700,1990,TOTAL NET FAMILY INCOME IN PAST CALENDAR YEAR *KEY* (TRUNCATED),TNFI_TRUNC
187,R3401000,1990,EMPLOYMENT STATUS RECODE,ESR_KEY
188,R3401100,1990,EMPLOYMENT STATUS RECODE (COLLAPSED),ESR_COL
189,R3407700,1990,NUMBER OF BIO/STEP/ADPT CHILDREN IN HOUSEHOLD,NUMCH90
190,R3510200,1991,HIGHEST GRADE COMPLETED,Q3-4
191,R3522800,1991,OCCUPATION AT CURRENT JOB/MOST RECENT JOB (70 CENSUS 3 DIGIT) CPS ITEM,CPSOCC70
192,R3523100,1991,OCCUPATION AT CURRENT JOB/MOST RECENT JOB (80 CENSUS 3 DIGIT) CPS ITEM,CPSOCC80
193,R3559000,1991,TOTAL INCOME FROM WAGES AND SALARY IN PAST CALENDAR YEAR (TRUNC),Q13-5
194,R3559001,1991,TOTAL INCOME FROM WAGES AND SALARY IN PAST CALENDAR YEAR (TRUNC) (REVISED),Q13-5_TRUNC_REVISED
195,R3559300,1991,TOTAL INCOME FROM FARM OR BUSINESS IN PAST CALENDAR YEAR (TRUNC),Q13-9
196,R3559301,1991,TOTAL INCOME FROM FARM OR BUSINESS IN PAST CALENDAR YEAR (TRUNC) (REVISED),Q13-9_TRUNC_REVISED
197,R3561200,1991,TOTAL INCOME OF SPOUSE FROM WAGES AND SALARY IN PAST CALENDAR YEAR (TRUNC),Q13-18
198,R3561201,1991,TOTAL INCOME OF SPOUSE FROM WAGES AND SALARY IN PAST CALENDAR YEAR (TRUNC) (REVISED),Q13-18_TRUNC_REVISED
199,R3561500,1991,TOTAL INCOME OF SPOUSE FROM FARM OR BUSINESS IN PAST CALENDAR YEAR (TRUNC),Q13-24
200,R3561501,1991,TOTAL INCOME OF SPOUSE FROM FARM OR BUSINESS IN PAST CALENDAR YEAR (TRUNC) (REVISED),Q13-24_TRUNC_REVISED
201,R3571801,1991,TOTAL INCOME OF PARTNER FROM WAGES AND SALARY IN PAST CALENDAR YEAR (TRUNC) (REVISED),Q11-97_REVISED
202,R3572101,1991,TOTAL INCOME OF PARTNER FROM FARM OR BUSINESS IN PAST CALENDAR YEAR (TRUNC) (REVISED),Q11-101_REVISED
203,R3655801,1991,CROSS SECTIONAL SAMPLING WEIGHT,C_SAMPWEIGHT
204,R3656100,1991,TOTAL NET FAMILY INCOME IN PAST CALENDAR YEAR *KEY* (TRUNCATED),TNFI_TRUNC
205,R3656400,1991,EMPLOYMENT STATUS RECODE,ESR_KEY
206,R3656500,1991,EMPLOYMENT STATUS RECODE (COLLAPSED),ESR_COL
207,R3659047,1991,NUMBER OF BIO/STEP/ADPT CHILDREN IN HOUSEHOLD,NUMCH91
208,R3710200,1992,HIGHEST GRADE COMPLETED,Q3-4
209,R3727800,1992,OCCUPATION AT CURRENT JOB/MOST RECENT JOB (70 CENSUS 3 DIGIT) CPS ITEM,CPSOCC70
210,R3728100,1992,OCCUPATION AT CURRENT JOB/MOST RECENT JOB (80 CENSUS 3 DIGIT) CPS ITEM,CPSOCC80
211,R3897100,1992,TOTAL INCOME FROM WAGES AND SALARY IN PAST CALENDAR YEAR (TRUNC),Q13-5
212,R3897101,1992,TOTAL INCOME FROM WAGES AND SALARY IN PAST CALENDAR YEAR (TRUNC) (REVISED),Q13-5_TRUNC_REVISED
213,R3897400,1992,TOTAL INCOME FROM FARM OR BUSINESS IN PAST CALENDAR YEAR (TRUNC),Q13-9
214,R3897401,1992,TOTAL INCOME FROM FARM OR BUSINESS IN PAST CALENDAR YEAR (TRUNC) (REVISED),Q13-9_TRUNC_REVISED
215,R3899300,1992,TOTAL INCOME OF SPOUSE FROM WAGES AND SALARY IN PAST CALENDAR YEAR (TRUNC),Q13-18
216,R3899301,1992,TOTAL INCOME OF SPOUSE FROM WAGES AND SALARY IN PAST CALENDAR YEAR (TRUNC) (REVISED),Q13-18_TRUNC_REVISED
217,R3899600,1992,TOTAL INCOME OF SPOUSE FROM FARM OR BUSINESS IN PAST CALENDAR YEAR (TRUNC),Q13-24
218,R3899601,1992,TOTAL INCOME OF SPOUSE FROM FARM OR BUSINESS IN PAST CALENDAR YEAR (TRUNC) (REVISED),Q13-24_TRUNC_REVISED
219,R3909901,1992,TOTAL INCOME OF PARTNER FROM WAGES AND SALARY IN PAST CALENDAR YEAR (TRUNC) (REVISED),Q11-97_REVISED
220,R3910201,1992,TOTAL INCOME OF PARTNER FROM FARM OR BUSINESS IN PAST CALENDAR YEAR (TRUNC) (REVISED),Q13-101_REVISED
221,R4006301,1992,CROSS SECTIONAL SAMPLING WEIGHT,C_SAMPWEIGHT
222,R4006600,1992,TOTAL NET FAMILY INCOME IN PAST CALENDAR YEAR *KEY* (TRUNCATED),TNFI_TRUNC
223,R4006900,1992,EMPLOYMENT STATUS RECODE,ESR_KEY
224,R4007000,1992,EMPLOYMENT STATUS RECODE (COLLAPSED),ESR_COL
225,R4009447,1992,NUMBER OF BIO/STEP/ADPT CHILDREN IN HOUSEHOLD,NUMCH92
226,R4137900,1993,HIGHEST GRADE COMPLETED,Q3-4
227,R4182100,1993,OCCUPATION AT CURRENT JOB/MOST RECENT JOB (70 CENSUS 3 DIGIT) CPS ITEM,CPSOCC70
228,R4193700,1993,OCCUPATION (80 CENSUS 3 DIGIT) JOB #01,CPSOCC80
229,R4295100,1993,TOTAL INCOME FROM WAGES AND SALARY IN PAST CALENDAR YEAR (TRUNC),Q13-5
230,R4295101,1993,TOTAL INCOME FROM WAGES AND SALARY IN PAST CALENDAR YEAR (TRUNCATED) (REVISED),Q13-5_TRUNC_REVISED
231,R4295400,1993,DID R REPORT INCOME FROM OWN FARM OR NON-FARM BUSINESS OR PRACTICE?,Q13-8
232,R4295500,1993,TOTAL INCOME FROM FARM OR BUSINESS IN PAST CALENDAR YEAR (TRUNC),Q13-9
233,R4295501,1993,TOTAL INCOME FROM FARM OR BUSINESS IN PAST CALENDAR YEAR (TRUNCATED) (REVISED),Q13-9_TRUNC_REVISED
234,R4314400,1993,TOTAL INCOME OF SPOUSE FROM WAGES AND SALARY IN PAST CALENDAR YEAR (TRUNC),Q13-18
235,R4314401,1993,TOTAL INCOME OF SPOUSE FROM WAGES AND SALARY IN PAST CALENDAR YEAR (TRUNC) (REVISED),Q13-18_TRUNC_REVISED
236,R4314900,1993,TOTAL INCOME OF SPOUSE FROM FARM OR BUSINESS IN PAST CALENDAR YEAR (TRUNC),Q13-24
237,R4314901,1993,TOTAL INCOME OF SPOUSE FROM FARM OR BUSINESS IN PAST CALENDAR YEAR (TRUNC) (REVISED),Q13-24_TRUNC_REVISED
238,R4390801,1993,TOTAL INCOME OF PARTNER FROM WAGES AND SALARY IN PAST CALENDAR YEAR (TRUNC) (REVISED),Q13-97_TRUNC_REVISED
239,R4391301,1993,TOTAL INCOME OF PARTNER FROM FARM OR BUSINESS IN PAST CALENDAR YEAR (TRUNC) (REVISED),Q13-101_TRUNC_REVISED
240,R4417401,1993,CROSS SECTIONAL SAMPLING WEIGHT,C_SAMPWEIGHT
241,R4417700,1993,TOTAL NET FAMILY INCOME IN PAST CALENDAR YEAR *KEY* (TRUNCATED),TNFI_TRUNC
242,R4418000,1993,EMPLOYMENT STATUS RECODE,ESR_KEY
243,R4418100,1993,EMPLOYMENT STATUS RECODE (COLLAPSED),ESR_COL
244,R4444700,1993,NUMBER OF BIO/STEP/ADPT CHILDREN IN HOUSEHOLD,NUMCH93
245,R4526500,1994,HIGHEST GRADE COMPLETED,Q3-4
246,R4587901,1994,OCCUPATION AT CURRENT JOB/MOST RECENT JOB (80 CENSUS 3 DIGIT) CPS ITEM,CPSOCC80
247,R4982800,1994,TOTAL INCOME FROM WAGES AND SALARY IN PAST CALENDAR YEAR (TRUNC),Q13-5
248,R4982801,1994,TOTAL INCOME FROM WAGES AND SALARY IN PAST CALENDAR YEAR (TRUNC) (REVISED),Q13-5_TRUNC_REVISED
249,R4983100,1994,DID R REPORT INCOME FROM OWN FARM OR NON-FARM BUSINESS OR PRACTICE?,Q13-8
250,R4983200,1994,TOTAL INCOME FROM FARM OR BUSINESS IN PAST CALENDAR YEAR (TRUNC),Q13-9
251,R4983201,1994,TOTAL INCOME FROM FARM OR BUSINESS IN PAST CALENDAR YEAR (TRUNC) (REVISED),Q13-9_TRUNC_REVISED
252,R4996000,1994,TOTAL INCOME OF SPOUSE FROM WAGES AND SALARY IN PAST CALENDAR YEAR (TRUNC),Q13-18
253,R4996001,1994,TOTAL INCOME OF SPOUSE FROM WAGES AND SALARY IN PAST CALENDAR YEAR (TRUNC) (REVISED),Q13-18_TRUNC_REVISED
254,R4996600,1994,TOTAL INCOME OF SPOUSE FROM FARM OR BUSINESS IN PAST CALENDAR YEAR (TRUNC),Q13-24
255,R4996601,1994,TOTAL INCOME OF SPOUSE FROM FARM OR BUSINESS IN PAST CALENDAR YEAR (TRUNC) (REVISED),Q13-24_TRUNC_REVISED
256,R5080401,1994,CROSS SECTIONAL SAMPLING WEIGHT,C_SAMPWEIGHT
257,R5080700,1994,TOTAL NET FAMILY INCOME IN PAST CALENDAR YEAR *KEY* (TRUNCATED),TNFI_TRUNC
258,R5081000,1994,EMPLOYMENT STATUS RECODE,ESR_KEY
259,R5081100,1994,EMPLOYMENT STATUS RECODE (COLLAPSED),ESR_COL
260,R5087500,1994,NUMBER OF BIO/STEP/ADPT CHILDREN IN HOUSEHOLD,NUMCH94
261,R5165701,1996,CROSS SECTIONAL SAMPLING WEIGHT,C_SAMPWEIGHT
262,R5166000,1996,TOTAL NET FAMILY INCOME IN PAST CALENDAR YEAR *KEY* (TRUNCATED),TNFI_TRUNC
263,R5166300,1996,EMPLOYMENT STATUS RECODE,ESR_KEY
264,R5166400,1996,EMPLOYMENT STATUS RECODE (COLLAPSED),ESR_COL
265,R5172800,1996,NUMBER OF BIO/STEP/ADPT CHILDREN IN HOUSEHOLD,NUMCH96
266,R5221800,1996,HIGHEST GRADE COMPLETED,Q3-4
267,R5270600,1996,"OCCUPATION (CENSUS 3 DIGIT, 70 CODES) (ALL) JOB #01",OCCALL-EMP01
268,R5270900,1996,OCCUPATION AT CURRENT JOB/MOST RECENT JOB (80 CENSUS 3 DIGIT) CPS ITEM,CPSOCC80
269,R5626200,1996,TOTAL INCOME FROM WAGES AND SALARY IN PAST CALENDAR YEAR (TRUNC),Q13-5
270,R5626201,1996,TOTAL INCOME FROM WAGES AND SALARY IN PAST CALENDAR YEAR (TRUNC) (REVISED),Q13-5_TRUNC_REVISED
271,R5626500,1996,DID R REPORT INCOME FROM OWN FARM OR NON-FARM BUSINESS OR PRACTICE?,Q13-8
272,R5626600,1996,TOTAL INCOME FROM FARM OR BUSINESS IN PAST CALENDAR YEAR (TRUNC),Q13-9
273,R5626601,1996,TOTAL INCOME FROM FARM OR BUSINESS IN PAST CALENDAR YEAR (TRUNC) (REVISED),Q13-9_TRUNC_REVISED
274,R5650800,1996,TOTAL INCOME OF SPOUSE FROM WAGES AND SALARY IN PAST CALENDAR YEAR (TRUNC),Q13-18
275,R5650801,1996,TOTAL INCOME OF SPOUSE FROM WAGES AND SALARY IN PAST CALENDAR YEAR (TRUNC) (REVISED),Q13-18_TRUNC_REVISED
276,R5651400,1996,TOTAL INCOME OF SPOUSE FROM FARM OR BUSINESS IN PAST CALENDAR YEAR (TRUNC),Q13-24
277,R5651401,1996,TOTAL INCOME OF SPOUSE FROM FARM OR BUSINESS IN PAST CALENDAR YEAR (TRUNC) (REVISED),Q13-24_TRUNC_REVISED
278,R5821800,1998,HIGHEST GRADE COMPLETED,Q3-4
279,R6364600,1998,TOTAL INCOME FROM WAGES AND SALARY IN PAST CALENDAR YEAR (TRUNC),Q13-5
280,R6364601,1998,TOTAL INCOME FROM WAGES AND SALARY IN PAST CALENDAR YEAR (TRUNC) (REVISED),Q13-5_TRUNC_REVISED
281,R6364900,1998,DID R REPORT INCOME FROM OWN FARM OR NON-FARM BUSINESS OR PRACTICE?,Q13-8
282,R6365000,1998,TOTAL INCOME FROM FARM OR BUSINESS IN PAST CALENDAR YEAR (TRUNC),Q13-9
283,R6365001,1998,TOTAL INCOME FROM FARM OR BUSINESS IN PAST CALENDAR YEAR (TRUNC) (REVISED),Q13-9_TRUNC_REVISED
284,R6374900,1998,TOTAL INCOME OF SPOUSE FROM WAGES AND SALARY IN PAST CALENDAR YEAR (TRUNC),Q13-18
285,R6374901,1998,TOTAL INCOME OF SPOUSE FROM WAGES AND SALARY IN PAST CALENDAR YEAR (TRUNC) (REVISED),Q13-18_TRUNC_REVISED
286,R6375300,1998,TOTAL INCOME OF SPOUSE FROM FARM OR BUSINESS IN PAST CALENDAR YEAR (TRUNC),Q13-24
287,R6375301,1998,TOTAL INCOME OF SPOUSE FROM FARM OR BUSINESS IN PAST CALENDAR YEAR (TRUNC) (REVISED),Q13-24_TRUNC_REVISED
288,R6466301,1998,CROSS SECTIONAL SAMPLING WEIGHT,C_SAMPWEIGHT
289,R6473700,1998,OCCUPATION AT CURRENT JOB/MOST RECENT JOB (80 CENSUS 3 DIGIT) CPS ITEM,CPSOCC80
290,R6478700,1998,TOTAL NET FAMILY INCOME IN PAST CALENDAR YEAR *KEY* (TRUNCATED),TNFI_TRUNC
291,R6478900,1998,EMPLOYMENT STATUS RECODE,ESR_KEY
292,R6479000,1998,EMPLOYMENT STATUS RECODE (COLLAPSED),ESR_COL
293,R6486400,1998,NUMBER OF BIO/STEP/ADPT CHILDREN IN HOUSEHOLD,NUMCH98
294,R6540400,2000,HIGHEST GRADE COMPLETED,Q3-4
295,R6592900,2000,OCCUPATION AT CURRENT JOB/MOST RECENT JOB (80 CENSUS 3 DIGIT) CPS ITEM,CPSOCC8001
296,R6839600,2000,NUMBER OF BIOLOGICAL CHILDREN REPORTED,Q10-2
297,R6909700,2000,TOTAL INCOME FROM WAGES AND SALARY IN PAST CALENDAR YEAR (TRUNC),Q13-5
298,R6909701,2000,TOTAL INCOME FROM WAGES AND SALARY IN PAST CALENDAR YEAR (TRUNC) (REVISED),Q13-5_TRUNC_REVISED
299,R6910000,2000,DID R REPORT INCOME FROM OWN FARM OR NON-FARM BUSINESS OR PRACTICE?,Q13-8
300,R6911100,2000,TOTAL INCOME FROM FARM OR BUSINESS IN PAST CALENDAR YEAR (TRUNC),Q13-9
301,R6911101,2000,TOTAL INCOME FROM FARM OR BUSINESS IN PAST CALENDAR YEAR (TRUNC) (REVISED),Q13-9_TRUNC_REVISED
302,R6917800,2000,TOTAL INCOME OF SPOUSE FROM WAGES AND SALARY IN PAST CALENDAR YEAR (TRUNC),Q13-18
303,R6917801,2000,TOTAL INCOME OF SPOUSE FROM WAGES AND SALARY IN PAST CALENDAR YEAR (TRUNC) (REVISED),Q13-18_TRUNC_REVISED
304,R6919200,2000,TOTAL INCOME OF SPOUSE FROM FARM OR BUSINESS IN PAST CALENDAR YEAR (TRUNC),Q13-24
305,R6919201,2000,TOTAL INCOME OF SPOUSE FROM FARM OR BUSINESS IN PAST CALENDAR YEAR (TRUNC) (REVISED),Q13-24_TRUNC_REVISED
306,R7006201,2000,CROSS SECTIONAL SAMPLING WEIGHT,C_SAMPWEIGHT
307,R7006500,2000,TOTAL NET FAMILY INCOME IN PAST CALENDAR YEAR *KEY* (TRUNCATED),TNFI_TRUNC
308,R7103600,2002,HIGHEST GRADE COMPLETED,Q3-4
309,R7209600,2002,"OCCUPATION (CENSUS 3 DIGIT, 00 CODES) (ALL) JOB #01",OCCALL-EMP01
310,R7548600,2002,NUMBER OF BIOLOGICAL CHILDREN REPORTED,Q10-2
311,R7607800,2002,TOTAL INCOME FROM WAGES AND SALARY IN PAST CALENDAR YEAR (TRUNC),Q13-5_TRUNC
312,R7608200,2002,INCOME FROM WAGES AND SALARY IN PAST CALENDAR YEAR MORE THAN $15K?,Q13-5_B
313,R7608300,2002,INCOME FROM WAGES AND SALARY IN PAST CALENDAR YEAR TO NEAREST $10K,Q13-5_D
314,R7608400,2002,INCOME FROM WAGES AND SALARY IN PAST CAL YR - LOWER BOUND SELF-REPORTED RANGE,Q13-5_E~000001
315,R7608500,2002,INCOME FROM WAGES AND SALARY IN PAST CAL YR - UPPER BOUND SELF-REPORTED RANGE,Q13-5_E~000002
316,R7608800,2002,DID R REPORT INCOME FROM OWN FARM OR NON-FARM BUSINESS OR PRACTICE?,Q13-8
317,R7609000,2002,TOTAL INCOME FROM FARM OR BUSINESS IN PAST CALENDAR YEAR (TRUNC),Q13-9_TRUNC
318,R7609300,2002,R'S 2001 BUSINESS OR FARM INCOME MORE THAN ENTRY AMOUNT?,Q13-9_A
319,R7609400,2002,TOTAL INCOME FROM FOR FARM OR BUSINESS IN PAST CALENDAR YEAR MORE THAN $25K?,Q13-9_B
320,R7609500,2002,TOTAL INCOME FROM FARM OR BUSINESS IN PAST CALENDAR YEAR TO NEAREST $10K,Q13-9_D
321,R7609600,2002,TOTAL INCOME FROM FARM OR BUSINESS IN PAST CAL YR - LOWER BOUND SELF-REPORTED RANGE,Q13-9_E~000001
322,R7609700,2002,TOTAL INCOME FROM FARM OR BUSINESS IN PAST CAL YR - UPPER BOUND SELF-REPORTED RANGE,Q13-9_E~000002
323,R7617300,2002,TOTAL INCOME OF SPOUSE FROM WAGES AND SALARY IN PAST CALENDAR YEAR (TRUNC),Q13-18_TRUNC
324,R7617600,2002,SPOUSE/PARTNER'S 2001 WAGES AND SALARY MORE THAN ENTRY AMOUNT?,Q13-18_A
325,R7617700,2002,SPOUSE/PARTNER'S 2001 WAGES AND SALARY MORE THAN $15K?,Q13-18_B
326,R7617800,2002,SPOUSE/PARTNER'S 2001 WAGES AND SALARY TO NEAREST $10K,Q13-18_D
327,R7617900,2002,SPOUSE/PARTNER'S 2001 WAGES AND SALARY - LOWER BOUND SELF-REPORTED RANGE,Q13-18_E~000001
328,R7618000,2002,SPOUSE/PARTNER'S 2001 WAGES AND SALARY - UPPER BOUND SELF-REPORTED RANGE,Q13-18_E~000002
329,R7618500,2002,TOTAL INCOME OF SPOUSE FROM FARM OR BUSINESS IN PAST CALENDAR YEAR (TRUNC),Q13-24_TRUNC
330,R7618800,2002,SPOUSE/PARTNER'S 2001 BUSINESS OR FARM INCOME MORE THAN ENTRY AMOUNT?,Q13-24_A
331,R7618900,2002,SPOUSE/PARTNER'S 2001 BUSINESS OR FARM INCOME MORE THAN $25K?,Q13-24_B
332,R7619000,2002,SPOUSE/PARTNER'S 2001 BUSINESS OR FARM INCOME TO NEAREST $10K,Q13-24_D
333,R7619100,2002,SPOUSE/PARTNER'S 2001 BUSINESS OR FARM INCOME - LOWER BOUND SELF-REPORTED RANGE,Q13-24_E~000001
334,R7619200,2002,SPOUSE/PARTNER'S 2001 BUSINESS OR FARM INCOME - UPPER BOUND SELF-REPORTED RANGE,Q13-24_E~000002
335,R7703401,2002,CROSS SECTIONAL SAMPLING WEIGHT,C_SAMPWEIGHT
336,R7703700,2002,TOTAL NET FAMILY INCOME IN PAST CALENDAR YEAR *KEY* (TRUNCATED),TNFI_TRUNC
337,R7729800,2002,INCOME FROM WAGES AND SALARY IN PAST CALENDAR YEAR MORE THAN $50K?,Q13-5_C
338,R7729900,2002,TOTAL INCOME FROM FOR FARM OR BUSINESS IN PAST CALENDAR YEAR MORE THAN $40K?,Q13-9_C
339,R7730100,2002,SPOUSE/PARTNER'S 2001 WAGES AND SALARY MORE THAN $50K?,Q13-18_C
340,R7730200,2002,SPOUSE/PARTNER'S 2001 BUSINESS OR FARM INCOME MORE THAN $40K?,Q13-24_C
341,R7810500,2004,HIGHEST GRADE COMPLETED,Q3-4
342,R7898000,2004,"OCCUPATION (CENSUS 4 DIGIT, 00 CODES) (ALL) JOB #01",OCCALL-EMP01
343,R8255400,2004,NUMBER OF BIOLOGICAL CHILDREN REPORTED,Q10-2
344,R8316300,2004,TOTAL INCOME FROM WAGES AND SALARY IN PAST CALENDAR YEAR (TRUNC),Q13-5_TRUNC
345,R8316400,2004,ESTIMATED INCOME FROM WAGES AND SALARY IN PAST CALENDAR YEAR,Q13-5_SR000001
346,R8316500,2004,ESTIMATED INCOME FROM WAGES AND SALARY IN PAST CALENDAR YEAR,Q13-5_SR000002
347,R8316700,2004,INCOME FROM WAGES AND SALARY IN PAST CALENDAR YEAR MORE THAN $15K?,Q13-5_UAB_B
348,R8316800,2004,INCOME FROM WAGES AND SALARY IN PAST CALENDAR YEAR MORE THAN $50K?,Q13-5_UAB_C
349,R8317100,2004,DID R REPORT INCOME FROM OWN FARM OR NON-FARM BUSINESS OR PRACTICE?,Q13-8
350,R8318200,2004,TOTAL INCOME FROM FARM OR BUSINESS IN PAST CALENDAR YEAR (TRUNC),Q13-9_TRUNC
351,R8318300,2004,ESTIMATED AMT MONEY RECEIVED FROM FARM OR BUSINESS AFTER EXPENSES,Q13-9_SR000001
352,R8318400,2004,ESTIMATED AMT MONEY RECEIVED FROM FARM OR BUSINESS AFTER EXPENSES,Q13-9_SR000002
353,R8318500,2004,R'S 2003 BUSINESS OR FARM INCOME MORE THAN ENTRY AMOUNT?,Q13-9_UAB_A
354,R8318600,2004,TOTAL INCOME FROM FOR FARM OR BUSINESS IN PAST CALENDAR YEAR MORE THAN $25K?,Q13-9_UAB_B
355,R8318700,2004,TOTAL INCOME FROM FARM OR BUSINESS IN PAST CALENDAR YEAR MORE THAN $40K?,Q13-9_UAB_C
356,R8325800,2004,TOTAL INCOME OF SPOUSE FROM WAGES AND SALARY IN PAST CALENDAR YEAR (TRUNC),Q13-18_TRUNC
357,R8326000,2004,EST INCOME OF SPOUSE/PARTNER FROM WAGES AND SALARY IN PAST CALENDAR YEAR (TRUNC),Q13-18_SR000001_TRUNC
358,R8326200,2004,EST INCOME OF SPOUSE/PARTNER FROM WAGES AND SALARY IN PAST CALENDAR YEAR (TRUNC),Q13-18_SR000002_TRUNC
359,R8326300,2004,SPOUSE/PARTNER'S 2003 WAGES AND SALARY MORE THAN ENTRY AMOUNT?,Q13-18_UAB_A
360,R8326400,2004,SPOUSE/PARTNER'S 2003 WAGES AND SALARY MORE THAN $15K?,Q13-18_UAB_B
361,R8326500,2004,SPOUSE/PARTNER'S 2003 WAGES AND SALARY MORE THAN $50K?,Q13-18_UAB_C
362,R8328000,2004,TOTAL INCOME OF SPOUSE FROM FARM OR BUSINESS IN PAST CALENDAR YEAR (TRUNC),Q13-24_TRUNC
363,R8328100,2004,ESTIMATED INCOME OF SPOUSE/PARTNER FROM FARM OR BUSINESS IN PAST CALENDAR YEAR (TRUNC),Q13-24_SR000001
364,R8328200,2004,ESTIMATED INCOME OF SPOUSE/PARTNER FROM FARM OR BUSINESS IN PAST CALENDAR,Q13-24_SR000002
365,R8328300,2004,SPOUSE/PARTNER'S 2003 BUSINESS OR FARM INCOME MORE THAN ENTRY AMOUNT?,Q13-24_UAB_A
366,R8328400,2004,SPOUSE/PARTNER'S 2003 BUSINESS OR FARM INCOME MORE THAN $25K?,Q13-24_UAB_B
367,R8328500,2004,SPOUSE/PARTNER'S 2003 BUSINESS OR FARM INCOME MORE THAN $40K?,Q13-24_UAB_C
368,R8495800,2004,CROSS SECTIONAL SAMPLING WEIGHT,C_SAMPWEIGHT
369,R8496100,2004,TOTAL NET FAMILY INCOME IN PAST CALENDAR YEAR *KEY* (TRUNCATED),TNFI_TRUNC
370,T0014400,2006,HIGHEST GRADE COMPLETED,Q3-4
371,T0138400,2006,"OCCUPATION (CENSUS 4 DIGIT, 00 CODES) (ALL) JOB #01",OCCALL-EMP01
372,T0857100,2006,NUMBER OF BIOLOGICAL CHILDREN REPORTED,Q10-2
373,T0912400,2006,TOTAL INCOME FROM WAGES AND SALARY IN PAST CALENDAR YEAR (TRUNC),Q13-5_TRUNC
374,T0912600,2006,ESTIMATED INCOME FROM WAGES AND SALARY IN PAST CALENDAR YEAR (TRUNC),Q13-5_SR000001_TRUNC
375,T0912800,2006,ESTIMATED INCOME FROM WAGES AND SALARY IN PAST CALENDAR YEAR (TRUNC),Q13-5_SR000002_TRUNC
376,T0913000,2006,INCOME FROM WAGES AND SALARY IN PAST CALENDAR YEAR MORE THAN $15K?,Q13-5_UAB_B
377,T0913100,2006,INCOME FROM WAGES AND SALARY IN PAST CALENDAR YEAR MORE THAN $50K?,Q13-5_UAB_C
378,T0913400,2006,DID R REPORT INCOME FROM OWN FARM OR NON-FARM BUSINESS OR PRACTICE?,Q13-8
379,T0913900,2006,TOTAL INCOME FROM FARM OR BUSINESS IN PAST CALENDAR YEAR (TRUNC),Q13-9_TRUNC
380,T0914100,2006,ESTIMATED AMT MONEY RECEIVED FROM FARM OR BUSINESS AFTER EXPENSES (TRUNC),Q13-9_SR000001_TRUNC
381,T0914300,2006,ESTIMATED AMT MONEY RECEIVED FROM FARM OR BUSINESS AFTER EXPENSES (TRUNC),Q13-9_SR000002_TRUNC
382,T0914400,2006,R'S 2005 BUSINESS OR FARM INCOME MORE THAN ENTRY AMOUNT?,Q13-9_UAB_A
383,T0914500,2006,TOTAL INCOME FROM FOR FARM OR BUSINESS IN PAST CALENDAR YEAR MORE THAN $25K?,Q13-9_UAB_B
384,T0914600,2006,TOTAL INCOME FROM FOR FARM OR BUSINESS IN PAST CALENDAR YEAR MORE THAN $40K?,Q13-9_UAB_C
385,T0920800,2006,TOTAL INCOME OF SPOUSE FROM WAGES AND SALARY IN PAST CALENDAR YEAR (TRUNC),Q13-18_TRUNC
386,T0920900,2006,EST INCOME OF SPOUSE FROM WAGES AND SALARY IN PAST CALENDAR YEAR (TRUNC),Q13-18_SR000001
387,T0921100,2006,EST INCOME OF SPOUSE FROM WAGES AND SALARY IN PAST CALENDAR YEAR (TRUNC),Q13-18_SR000002_TRUNC
388,T0921200,2006,SPOUSE/PARTNER'S 2005 WAGES AND SALARY MORE THAN ENTRY AMOUNT?,Q13-18_UAB_A
389,T0921300,2006,SPOUSE/PARTNER'S 2005 WAGES AND SALARY MORE THAN $15K?,Q13-18_UAB_B
390,T0921400,2006,SPOUSE/PARTNER'S 2005 WAGES AND SALARY MORE THAN $50K?,Q13-18_UAB_C
391,T0922200,2006,TOTAL INCOME OF SPOUSE FROM FARM OR BUSINESS IN PAST CALENDAR YEAR (TRUNC),Q13-24_TRUNC
392,T0922300,2006,ESTIMATED INCOME OF SPOUSE FROM FARM OR BUSINESS IN PAST CALENDAR YEAR (TRUNC),Q13-24_SR000001
393,T0922400,2006,ESTIMATED INCOME OF SPOUSE FROM FARM OR BUSINESS IN PAST CALEND,Q13-24_SR000002
394,T0922500,2006,SPOUSE/PARTNER'S 2005 BUSINESS OR FARM INCOME MORE THAN ENTRY AMOUNT?,Q13-24_UAB_A
395,T0922600,2006,SPOUSE/PARTNER'S 2005 BUSINESS OR FARM INCOME MORE THAN $25K?,Q13-24_UAB_B
396,T0922700,2006,SPOUSE/PARTNER'S 2005 BUSINESS OR FARM INCOME MORE THAN $40K?,Q13-24_UAB_C
397,T0987400,2006,CROSS SECTIONAL SAMPLING WEIGHT,C_SAMPWEIGHT
398,T0987800,2006,TOTAL NET FAMILY INCOME IN PAST CALENDAR YEAR *KEY* (TRUNCATED),TNFI_TRUNC
399,T0988100,2006,EMPLOYMENT STATUS RECODE,ESR_KEY
400,T0988200,2006,EMPLOYMENT STATUS RECODE (COLLAPSED),ESR_COL
401,T1214300,2008,HIGHEST GRADE COMPLETED,Q3-4
402,T1215600,2008,NAME OF HIGHEST DEGREE EVER RECEIVED?,Q3-10D
403,T1298000,2008,"OCCUPATION (CENSUS 4 DIGIT, 00 CODES) (ALL) JOB #01",OCCALL-EMP01
404,T2015100,2008,NUMBER OF BIOLOGICAL CHILDREN REPORTED,Q10-2
405,T2076700,2008,TOTAL INCOME FROM WAGES AND SALARY IN PAST CALENDAR YEAR (TRUNCATED),Q13-5_TRUNC
406,T2076900,2008,ESTIMATED INCOME FROM WAGES AND SALARY IN PAST CALENDAR YEAR (TRUNCATED),Q13-5_SR000001_TRUNC
407,T2077100,2008,ESTIMATED INCOME FROM WAGES AND SALARY IN PAST CALENDAR YEAR (TRUNCATED),Q13-5_SR000002_TRUNC
408,T2077300,2008,INCOME FROM WAGES AND SALARY IN PAST CALENDAR YEAR MORE THAN $15K?,Q13-5_UAB_B
409,T2077400,2008,INCOME FROM WAGES AND SALARY IN PAST CALENDAR YEAR MORE THAN $50K?,Q13-5_UAB_C
410,T2077700,2008,DID R REPORT INCOME FROM OWN FARM OR NON-FARM BUSINESS OR PRACTICE?,Q13-8
411,T2078800,2008,TOTAL INCOME FROM FARM OR BUSINESS IN PAST CALENDAR YEAR (TRUNCATED),Q13-9_TRUNC
412,T2079100,2008,R'S 2007 BUSINESS OR FARM INCOME MORE THAN ENTRY AMOUNT?,Q13-9_UAB_A
413,T2079200,2008,TOTAL INCOME FROM FOR FARM OR BUSINESS IN PAST CALENDAR YEAR MORE THAN $25K?,Q13-9_UAB_B
414,T2079300,2008,TOTAL INCOME FROM FOR FARM OR BUSINESS IN PAST CALENDAR YEAR MORE THAN $40K?,Q13-9_UAB_C
415,T2085500,2008,TOTAL INCOME OF SPOUSE FROM WAGES AND SALARY IN PAST CALENDAR YEAR (TRUNCATED),Q13-18_TRUNC
416,T2085700,2008,EST INCOME OF SPOUSE FROM WAGES AND SALARY IN PAST CALENDAR YEAR (TRUNCATED),Q13-18_SR000001_TRUNC
417,T2085900,2008,EST INCOME OF SPOUSE FROM WAGES AND SALARY IN PAST CALENDAR YEAR (TRUNCATED),Q13-18_SR000002_TRUNC
418,T2086000,2008,SPOUSE/PARTNER'S 2007 WAGES AND SALARY MORE THAN ENTRY AMOUNT?,Q13-18_UAB_A
419,T2086100,2008,SPOUSE/PARTNER'S 2007 WAGES AND SALARY MORE THAN $15K?,Q13-18_UAB_B
420,T2086200,2008,SPOUSE/PARTNER'S 2007 WAGES AND SALARY MORE THAN $50K?,Q13-18_UAB_C
421,T2087700,2008,TOTAL INCOME OF SPOUSE FROM FARM OR BUSINESS IN PAST CALENDAR YEAR (TRUNCATED),Q13-24_TRUNC
422,T2087800,2008,ESTIMATED INCOME OF SPOUSE FROM FARM OR BUSINESS IN PAST CALENDAR YEAR (ORIG),Q13-24_SR000001
423,T2088000,2008,ESTIMATED INCOME OF SPOUSE FROM FARM OR BUSINESS IN PAST CALENDER (TRUNCATED),Q13-24_SR000002_TRUNC
424,T2088100,2008,SPOUSE/PARTNER'S 2007 BUSINESS OR FARM INCOME MORE THAN ENTRY AMOUNT?,Q13-24_UAB_A
425,T2088200,2008,SPOUSE/PARTNER'S 2007 BUSINESS OR FARM INCOME MORE THAN $25K?,Q13-24_UAB_B
426,T2088300,2008,SPOUSE/PARTNER'S 2007 BUSINESS OR FARM INCOME MORE THAN $40K?,Q13-24_UAB_C
427,T2209700,2008,CROSS SECTIONAL SAMPLING WEIGHT,C_SAMPWEIGHT
428,T2210000,2008,TOTAL NET FAMILY INCOME IN PAST CALENDAR YEAR *KEY* (TRUNCATED),TNFI_TRUNC
429,T2272800,2010,HIGHEST GRADE COMPLETED,Q3-4
430,T2326500,2010,"OCCUPATION (CENSUS 4 DIGIT, 00 CODES) (ALL) JOB #01",OCCALL-EMP01
431,T2998600,2010,NUMBER OF BIOLOGICAL CHILDREN REPORTED,Q10-2
432,T3045300,2010,TOTAL INCOME FROM WAGES AND SALARY IN PAST CALENDAR YEAR (TRUNCATED),Q13-5_TRUNC
433,T3045500,2010,ESTIMATED INCOME FROM WAGES AND SALARY IN PAST CALENDAR YEAR (TRUNCATED),Q13-5_SR000001_TRUNC
434,T3045700,2010,ESTIMATED INCOME FROM WAGES AND SALARY IN PAST CALENDAR YEAR (TRUNCATED),Q13-5_SR000002_TRUNC
435,T3046000,2010,INCOME FROM WAGES AND SALARY IN PAST CALENDAR YEAR MORE THAN $15K?,Q13-5_UAB_B
436,T3046100,2010,INCOME FROM WAGES AND SALARY IN PAST CALENDAR YEAR MORE THAN $50K?,Q13-5_UAB_C
437,T3046400,2010,DID R REPORT INCOME FROM OWN FARM OR NON-FARM BUSINESS OR PRACTICE?,Q13-8
438,T3047500,2010,TOTAL INCOME FROM FARM OR BUSINESS IN PAST CALENDAR YEAR (TRUNCATED),Q13-9_TRUNC
439,T3047600,2010,ESTIMATED AMT MONEY RECEIVED FROM FARM OR BUSINESS AFTER EXPENSES,Q13-9_SR000001
440,T3047700,2010,ESTIMATED AMT MONEY RECEIVED FROM FARM OR BUSINESS AFTER EXPENSES,Q13-9_SR000002
441,T3047800,2010,R'S 2009 BUSINESS OR FARM INCOME MORE THAN ENTRY AMOUNT?,Q13-9_UAB_A
442,T3047900,2010,TOTAL INCOME FROM FOR FARM OR BUSINESS IN PAST CALENDAR YEAR MORE THAN $25K?,Q13-9_UAB_B
443,T3048000,2010,TOTAL INCOME FROM FOR FARM OR BUSINESS IN PAST CALENDAR YEAR MORE THAN $40K?,Q13-9_UAB_C
444,T3056000,2010,TOTAL INCOME OF SPOUSE FROM WAGES AND SALARY IN PAST CALENDAR YEAR (TRUNCATED),Q13-18_TRUNC
445,T3056200,2010,ST INCOME OF SPOUSE FROM WAGES AND SALARY IN PAST CALENDAR YEAR (TRUNCATED),Q13-18_SR000001_TRUNC
446,T3056400,2010,EST INCOME OF SPOUSE FROM WAGES AND SALARY IN PAST CALENDAR YEAR (TRUNCATED),Q13-18_SR000002_TRUNC
447,T3056600,2010,SPOUSE/PARTNER'S 2009 WAGES AND SALARY MORE THAN ENTRY AMOUNT?,Q13-18_UAB_A
448,T3056700,2010,SPOUSE/PARTNER'S 2009 WAGES AND SALARY MORE THAN $15K?,Q13-18_UAB_B
449,T3056800,2010,SPOUSE/PARTNER'S 2009 WAGES AND SALARY MORE THAN $50K?,Q13-18_UAB_C
450,T3058300,2010,TOTAL INCOME OF SPOUSE FROM FARM OR BUSINESS IN PAST CALENDAR YEAR (TRUNCATED),Q13-24_TRUNC
451,T3058400,2010,ESTIMATED INCOME OF SPOUSE FROM FARM OR BUSINESS IN PAST CALENDAR YEAR (TRUNC),Q13-24_SR000001
452,T3058500,2010,ESTIMATED INCOME OF SPOUSE FROM FARM OR BUSINESS IN PAST CALEND,Q13-24_SR000002
453,T3058600,2010,SPOUSE/PARTNER'S 2009 BUSINESS OR FARM INCOME MORE THAN ENTRY AMOUNT?,Q13-24_UAB_A
454,T3058700,2010,SPOUSE/PARTNER'S 2009 BUSINESS OR FARM INCOME MORE THAN $25K?,Q13-24_UAB_B
455,T3058800,2010,SPOUSE/PARTNER'S 2009 BUSINESS OR FARM INCOME MORE THAN $40K?,Q13-24_UAB_C
456,T3107500,2010,CROSS SECTIONAL SAMPLING WEIGHT,C_SAMPWEIGHT
457,T3107800,2010,TOTAL NET FAMILY INCOME IN PAST CALENDAR YEAR *KEY* (TRUNCATED),TNFI_TRUNC
458,T3212900,2012,HIGHEST GRADE COMPLETED,Q3-4
459,T3308700,2012,"OCCUPATION (CENSUS 4 DIGIT, 00 CODES) (ALL) JOB #01",OCCALL-EMP01
460,T3942500,2012,NUMBER OF BIOLOGICAL CHILDREN REPORTED,Q10-2
461,T3977400,2012,TOTAL INCOME FROM WAGES AND SALARY IN PAST CALENDAR YEAR,(TRUNC)
462,T3977500,2012,ESTIMATED INCOME FROM WAGES AND SALARY IN PAST CALENDAR YEAR (ORIG),Q13-5_SR000001
463,T3977600,2012,ESTIMATED INCOME FROM WAGES AND SALARY IN PAST CALENDAR YEAR (ORIG),Q13-5_SR000002
464,T3977900,2012,INCOME FROM WAGES AND SALARY IN PAST CALENDAR YEAR MORE THAN $15K?,Q13-5_UAB_B
465,T3978000,2012,INCOME FROM WAGES AND SALARY IN PAST CALENDAR YEAR MORE THAN $50K?,Q13-5_UAB_C
466,T3978300,2012,DID R REPORT INCOME FROM OWN FARM OR NON-FARM BUSINESS OR PRACTICE?,Q13-8
467,T3979400,2012,TOTAL INCOME FROM FARM OR BUSINESS IN PAST CALENDAR YEAR (TRUNC),Q13-9_TRUNC
468,T3979500,2012,ESTIMATED AMT MONEY RECEIVED FROM FARM OR BUSINESS AFTER EXPENSES,Q13-9_SR000001
469,T3979600,2012,ESTIMATED AMT MONEY RECEIVED FROM FARM OR BUSINESS AFTER EXPENSES,Q13-9_SR000002
470,T3979700,2012,R'S 2011 BUSINESS OR FARM INCOME MORE THAN ENTRY AMOUNT?,Q13-9_UAB_A
471,T3979800,2012,TOTAL INCOME FROM FOR FARM OR BUSINESS IN PAST CALENDAR YEAR MORE THAN $25K?,Q13-9_UAB_B
472,T3979900,2012,TOTAL INCOME FROM FOR FARM OR BUSINESS IN PAST CALENDAR YEAR MORE THAN $40K?,Q13-9_UAB_C
473,T3987600,2012,TOTAL INCOME OF SPOUSE FROM WAGES AND SALARY IN PAST CALENDAR YEAR (TRUNC),Q13-18_TRUNC
474,T3987800,2012,EST,INCOME OF SPOUSE FROM WAGES AND SALARY IN PAST CALENDAR YEAR (TRUNC)
475,T3988000,2012,EST,INCOME OF SPOUSE FROM WAGES AND SALARY IN PAST CALENDAR YEAR (TRUNC)
476,T3988200,2012,SPOUSE/PARTNER'S 2011 WAGES AND SALARY MORE THAN ENTRY AMOUNT?,Q13-18_UAB_A
477,T3988300,2012,SPOUSE/PARTNER'S 2011 WAGES AND SALARY MORE THAN $15K?,Q13-18_UAB_B
478,T3988400,2012,SPOUSE/PARTNER'S 2011 WAGES AND SALARY MORE THAN $50K?,Q13-18_UAB_C
479,T3989900,2012,TOTAL INCOME OF SPOUSE FROM FARM OR BUSINESS IN PAST CALENDAR YEAR (TRUNC),Q13-24_TRUNC
480,T3990000,2012,ESTIMATED INCOME OF SPOUSE FROM FARM OR BUSINESS IN PAST CALENDAR YEAR,Q13-24_SR000001
481,T3990100,2012,ESTIMATED INCOME OF SPOUSE FROM FARM OR BUSINESS IN PAST CALEND,Q13-24_SR000002
482,T3990200,2012,SPOUSE/PARTNER'S 2011 BUSINESS OR FARM INCOME MORE THAN ENTRY AMOUNT?,Q13-24_UAB_A
483,T3990300,2012,SPOUSE/PARTNER'S 2011 BUSINESS OR FARM INCOME MORE THAN $25K?,Q13-24_UAB_B
484,T3990400,2012,SPOUSE/PARTNER'S 2011 BUSINESS OR FARM INCOME MORE THAN $40K?,Q13-24_UAB_C
485,T4112000,2012,CROSS SECTIONAL SAMPLING WEIGHT,C_SAMPWEIGHT
486,T4112300,2012,TOTAL NET FAMILY INCOME IN PAST CALENDAR YEAR *KEY* (TRUNCATED),TNFI_TRUNC
487,T4201100,2014,HIGHEST GRADE COMPLETED,Q3-4
488,T4282800,2014,"OCCUPATION (CENSUS 4 DIGIT, 00 CODES) (ALL) JOB #01",OCCALL-EMP01
489,T4876800,2014,NUMBER OF BIOLOGICAL CHILDREN REPORTED,Q10-2
490,T4915800,2014,TOTAL INCOME FROM WAGES AND SALARY IN PAST CALENDAR YEAR,(TRUNC)
491,T4915900,2014,ESTIMATED INCOME FROM WAGES AND SALARY IN PAST CALENDAR YEAR (ORIG),Q13-5_SR000001
492,T4916000,2014,ESTIMATED INCOME FROM WAGES AND SALARY IN PAST CALENDAR YEAR (ORIG),Q13-5_SR000002
493,T4916300,2014,INCOME FROM WAGES AND SALARY IN PAST CALENDAR YEAR MORE THAN $15K?,Q13-5_UAB_B
494,T4916400,2014,INCOME FROM WAGES AND SALARY IN PAST CALENDAR YEAR MORE THAN $50K?,Q13-5_UAB_C
495,T4916700,2014,DID R REPORT INCOME FROM OWN FARM OR NON-FARM BUSINESS OR PRACTICE?,Q13-8
496,T4917800,2014,TOTAL INCOME FROM FARM OR BUSINESS IN PAST CALENDAR YEAR (TRUNC),Q13-9_TRUNC
497,T4917900,2014,ESTIMATED AMT MONEY RECEIVED FROM FARM OR BUSINESS AFTER EXPENSES,Q13-9_SR000001
498,T4918000,2014,ESTIMATED AMT MONEY RECEIVED FROM FARM OR BUSINESS AFTER EXPENSES,Q13-9_SR000002
499,T4918100,2014,R'S PREVIOUS CALENDAR YEAR BUSINESS OR FARM INCOME MORE THAN ENTRY AMOUNT?,Q13-9_UAB_A
500,T4918200,2014,TOTAL INCOME FROM FOR FARM OR BUSINESS IN PAST CALENDAR YEAR MORE THAN $25K?,Q13-9_UAB_B
501,T4918300,2014,TOTAL INCOME FROM FOR FARM OR BUSINESS IN PAST CALENDAR YEAR MORE THAN $40K?,Q13-9_UAB_C
502,T4924900,2014,TOTAL INCOME OF SPOUSE FROM WAGES AND SALARY IN PAST CALENDAR YEAR (TRUNC),Q13-18_TRUNC
503,T4925100,2014,EST,INCOME OF SPOUSE FROM WAGES AND SALARY IN PAST CALENDAR YEAR (TRUNC)
504,T4925300,2014,EST,INCOME OF SPOUSE FROM WAGES AND SALARY IN PAST CALENDAR YEAR (TRUNC)
505,T4925500,2014,SPOUSE/PARTNER'S PREVIOUS CALENDAR YEAR WAGES AND SALARY MORE THAN ENTRY AMOUNT?,Q13-18_UAB_A
506,T4925600,2014,SPOUSE/PARTNER'S PREVIOUS CALENDAR YEAR WAGES AND SALARY MORE THAN $15K?,Q13-18_UAB_B
507,T4925700,2014,SPOUSE/PARTNER'S PREVIOUS CALENDAR YEAR WAGES AND SALARY MORE THAN $50K?,Q13-18_UAB_C
508,T4927200,2014,TOTAL INCOME OF SPOUSE FROM FARM OR BUSINESS IN PAST CALENDAR YEAR (TRUNC),Q13-24_TRUNC
509,T4927300,2014,ESTIMATED INCOME OF SPOUSE FROM FARM OR BUSINESS IN PAST CALENDAR YEAR,Q13-24_SR000001
510,T4927400,2014,ESTIMATED INCOME OF SPOUSE FROM FARM OR BUSINESS IN PAST CALEND,Q13-24_SR000002
511,T4927500,2014,SPOUSE/PARTNER'S PREVIOUS CALENDAR YEAR BUSINESS OR FARM INCOME MORE THAN ENTRY AMOUNT?,Q13-24_UAB_A
512,T4927600,2014,SPOUSE/PARTNER'S PREVIOUS CALENDAR YEAR BUSINESS OR FARM INCOME MORE THAN $25K?,Q13-24_UAB_B
513,T4927700,2014,SPOUSE/PARTNER'S PREVIOUS CALENDAR YEAR BUSINESS OR FARM INCOME MORE THAN $40K?,Q13-24_UAB_C
514,T5022200,2014,CROSS SECTIONAL SAMPLING WEIGHT,C_SAMPWEIGHT
515,T5022600,2014,TOTAL NET FAMILY INCOME IN PAST CALENDAR YEAR *KEY* (TRUNCATED),TNFI_TRUNC
516,T5176100,2016,HIGHEST GRADE COMPLETED,Q3-4
517,T5256900,2016,"OCCUPATION (CENSUS 4 DIGIT, 00 CODES) (ALL) JOB #01",OCCALL-EMP01
518,T5593000,2016,NUMBER OF BIOLOGICAL CHILDREN REPORTED,Q10-2
519,T5619500,2016,TOTAL INCOME FROM WAGES AND SALARY IN PAST CALENDAR YEAR,(TRUNC)
520,T5619700,2016,ESTIMATED INCOME FROM WAGES AND SALARY IN PAST CALENDAR YEAR (TRUNC),Q13-5_SR000001_TRUNC
521,T5619900,2016,ESTIMATED INCOME FROM WAGES AND SALARY IN PAST CALENDAR YEAR (TRUNC),Q13-5_SR000002_TRUNC
522,T5620200,2016,INCOME FROM WAGES AND SALARY IN PAST CALENDAR YEAR MORE THAN $15K?,Q13-5_UAB_B
523,T5620300,2016,INCOME FROM WAGES AND SALARY IN PAST CALENDAR YEAR MORE THAN $50K?,Q13-5_UAB_C
524,T5620600,2016,DID R REPORT INCOME FROM OWN FARM OR NON-FARM BUSINESS OR PRACTICE?,Q13-8
525,T5621700,2016,TOTAL INCOME FROM FARM OR BUSINESS IN PAST CALENDAR YEAR (TRUNC),Q13-9_TRUNC
526,T5621800,2016,ESTIMATED AMT MONEY RECEIVED FROM FARM OR BUSINESS AFTER EXPENSES,Q13-9_SR000001
527,T5622000,2016,ESTIMATED AMT MONEY RECEIVED FROM FARM OR BUSINESS AFTER EXPENSES (TRUNC),Q13-9_SR000002_TRUNC
528,T5622100,2016,R'S PREVIOUS CALENDAR YEAR BUSINESS OR FARM INCOME MORE THAN ENTRY AMOUNT?,Q13-9_UAB_A
529,T5622200,2016,TOTAL INCOME FROM FOR FARM OR BUSINESS IN PAST CALENDAR YEAR MORE THAN $25K?,Q13-9_UAB_B
530,T5622300,2016,TOTAL INCOME FROM FOR FARM OR BUSINESS IN PAST CALENDAR YEAR MORE THAN $40K?,Q13-9_UAB_C
531,T5630100,2016,TOTAL INCOME OF SPOUSE FROM WAGES AND SALARY IN PAST CALENDAR YEAR (TRUNC),Q13-18_TRUNC
532,T5630300,2016,EST,INCOME OF SPOUSE FROM WAGES AND SALARY IN PAST CALENDAR YEAR (TRUNC)
533,T5630500,2016,EST,INCOME OF SPOUSE FROM WAGES AND SALARY IN PAST CALENDAR YEAR (TRUNC)
534,T5630700,2016,SPOUSE/PARTNER'S PREVIOUS CALENDAR YEAR WAGES AND SALARY MORE THAN ENTRY AMOUNT?,Q13-18_UAB_A
535,T5630800,2016,SPOUSE/PARTNER'S PREVIOUS CALENDAR YEAR WAGES AND SALARY MORE THAN $15K?,Q13-18_UAB_B
536,T5630900,2016,SPOUSE/PARTNER'S PREVIOUS CALENDAR YEAR WAGES AND SALARY MORE THAN $50K?,Q13-18_UAB_C
537,T5632400,2016,TOTAL INCOME OF SPOUSE FROM FARM OR BUSINESS IN PAST CALENDAR YEAR (TRUNC),Q13-24_TRUNC
538,T5632800,2016,ESTIMATED INCOME OF SPOUSE FROM FARM OR BUSINESS IN PAST CALENDAR YEAR (TRUNC),Q13-24_SR000002_TRUNC
539,T5632900,2016,SPOUSE/PARTNER'S PREVIOUS CALENDAR YEAR BUSINESS OR FARM INCOME MORE THAN ENTRY AMOUNT?,Q13-24_UAB_A
540,T5633000,2016,SPOUSE/PARTNER'S PREVIOUS CALENDAR YEAR BUSINESS OR FARM INCOME MORE THAN $25K?,Q13-24_UAB_B
541,T5633100,2016,SPOUSE/PARTNER'S PREVIOUS CALENDAR YEAR BUSINESS OR FARM INCOME MORE THAN $40K?,Q13-24_UAB_C
542,T5770500,2016,CROSS SECTIONAL SAMPLING WEIGHT,C_SAMPWEIGHT
543,T5770800,2016,TOTAL NET FAMILY INCOME IN PAST CALENDAR YEAR *KEY* (TRUNCATED),TNFI_TRUNC
544,,,,
